username,distinct_play_days,total_valid_betting,last_play_date,days_since_last_play,status
jiaw189,468,420278943.0,2025-05-01,17,활성
ja2138,401,298261509.05200195,2023-05-29,720,휴면
jua185,280,127912133.10516357,2022-09-20,971,휴면
hn2011,620,83709594.84735107,2023-09-18,608,휴면
ja2215,162,78311022.86047363,2022-11-20,910,휴면
abya109,274,76957123.56039429,2024-04-08,405,휴면
xja3012,255,76810572.95947266,2025-05-07,11,활성
abya107,261,61758936.298828125,2024-04-08,405,휴면
juaw011,131,59062000.0,2023-02-10,828,휴면
qja2012,101,57871509.0,2023-10-20,576,휴면
ya2103,161,56951578.69921875,2023-08-30,627,휴면
mm3001,90,55165852.0,2024-09-27,233,휴면
py2004,352,53798612.34790039,2023-09-06,620,휴면
mm2003,39,42790077.0,2023-09-19,607,휴면
abya103,196,36230069.271484375,2024-04-08,405,휴면
udd006,159,35151660.104003906,2022-07-31,1022,휴면
ue2003,470,31098719.3984375,2023-11-21,544,휴면
ji3118,214,29986252.0,2025-05-08,10,활성
ya3159,59,29394030.0,2025-04-25,23,활성
ji2119,285,29036115.369262695,2023-06-07,711,휴면
ug3008,59,26714748.501953125,2024-09-19,241,휴면
ya106,65,26516545.5,2022-09-16,975,휴면
aa3802,234,26475705.0,2025-05-08,10,활성
ui3032,652,25740395.0,2025-05-07,11,활성
ja3136,436,24541297.006103516,2025-05-08,10,활성
ud001,50,24346863.6015625,2022-07-16,1037,휴면
qji3119,170,23692465.0,2024-08-04,287,휴면
ji3119,200,23516003.0,2025-05-08,10,활성
pi2008,327,23432739.991333008,2023-09-20,606,휴면
ua3103,948,22660354.60385132,2024-12-26,143,휴면
yi2155,506,22430102.54827881,2023-09-20,606,휴면
hn2123,536,22054591.0,2023-09-20,606,휴면
qji2119,204,21924805.0,2023-11-01,564,휴면
umw010,284,21631400.0,2025-03-08,71,휴면
ud3002,448,21589690.0,2025-04-25,23,활성
abua025,151,21184033.24359131,2023-12-19,516,휴면
hn2139,52,21157780.0,2023-06-07,711,휴면
jia106e,38,20629349.30078125,2022-02-25,1178,휴면
uiw005,462,20506300.0,2025-05-07,11,활성
dd2100,81,20192336.0,2023-07-02,686,휴면
yaa195,94,19734058.0,2022-10-03,958,휴면
uq2006,88,18511443.801757812,2022-11-09,921,휴면
yi3198,217,18351388.0,2025-05-08,10,활성
xu3101,472,17636061.502197266,2025-04-30,18,활성
qja3012,62,17600892.0,2024-03-06,438,휴면
ya108,29,17489815.0,2022-08-23,999,휴면
ue3012,191,17463004.0,2025-05-04,14,활성
qya3139,160,17462727.0,2025-05-08,10,활성
abya108,86,17023788.8984375,2024-04-08,405,휴면
udd002,22,16987120.0,2022-09-13,978,휴면
um010,76,16950738.046875,2022-09-19,972,휴면
ya102,49,16836299.5,2022-08-13,1009,휴면
ja3197,398,16798808.0,2025-03-12,67,휴면
uu3003,248,16658665.0,2025-05-07,11,활성
qtt3002,172,16589764.0,2024-07-24,298,휴면
hn3102,565,16548757.99432373,2025-04-25,23,활성
yaa206,167,16535125.127929688,2022-09-21,970,휴면
juaw197,490,16368214.017578125,2025-02-12,95,휴면
ya107,48,16306620.5,2022-08-21,1001,휴면
pa3039,337,15987264.0,2025-05-08,10,활성
uh013d,20,15589145.0,2022-03-05,1170,휴면
pa2014,22,15586188.0,2022-12-25,875,휴면
ui032,216,15582411.70324707,2022-09-26,965,휴면
pi3804,105,15338161.0,2025-04-15,33,휴면
pm3002,309,14743101.60961914,2024-06-28,324,휴면
ui034,48,14737727.575309753,2022-03-04,1171,휴면
ja3004,168,14680724.0,2025-04-22,26,활성
juaw012,46,14332200.0,2024-02-03,470,휴면
uh013c,15,14140946.203125,2021-12-13,1252,휴면
ua003e,46,13890131.5,2022-08-03,1019,휴면
ji3500,158,13878841.0,2025-04-12,36,휴면
abja002,93,13765578.0,2024-01-03,501,휴면
obuc002,32,13758516.423095703,2025-02-19,88,휴면
ji3104,317,13690888.0,2025-05-08,10,활성
uc01,127,13657864.475463867,2022-09-21,970,휴면
jia118,111,13219591.001953125,2022-09-23,968,휴면
juw039,518,12665158.102416992,2025-05-07,11,활성
uddw003,58,12544296.998046875,2024-12-13,156,휴면
pa2039,520,12476653.19921875,2023-09-06,620,휴면
yaa139,116,12338621.5,2022-09-06,985,휴면
hn5011,250,12229924.0,2025-05-08,10,활성
hna129,206,12222605.19921875,2022-09-16,975,휴면
uq3111,472,11175058.0,2025-04-23,25,활성
jua137,60,10769410.350585938,2022-09-20,971,휴면
ue3001,150,10558603.0,2025-04-07,41,휴면
uddw002,145,10468696.0,2025-03-15,64,휴면
dd2002,114,10234257.0,2023-08-03,654,휴면
jua124,113,10105189.146240234,2022-09-19,972,휴면
uc3002,41,9917025.0,2024-12-26,143,휴면
jua188,189,9539364.595214844,2022-08-29,993,휴면
obnn003,195,9435905.871826172,2025-05-08,10,활성
qyi3111,223,9426062.0,2025-05-08,10,활성
hn3123,497,9337723.0,2025-05-08,10,활성
xja3002,41,9181880.0,2025-05-07,11,활성
ja3121,68,9129223.0,2024-11-21,178,휴면
abyaa195,51,9082943.195510864,2024-03-20,424,휴면
ja3239,84,8886613.0,2025-05-07,11,활성
ub2021,169,8798740.005371094,2022-10-05,956,휴면
lia131,21,8339417.500244141,2022-09-20,971,휴면
liaw131,53,7801560.0,2024-07-27,295,휴면
md8889k,181,7674680.5,2024-12-09,160,휴면
hn3125,185,7626706.0,2025-05-07,11,활성
xua3801,114,7541283.336677551,2025-03-27,52,휴면
abya104,40,7446955.49609375,2024-04-08,405,휴면
ya109,29,7416327.5,2022-08-23,999,휴면
uk3806,259,7410745.0,2025-05-08,10,활성
abua002,32,7389932.099609375,2023-07-08,680,휴면
abya506,23,7358587.599731445,2024-04-04,409,휴면
mdysw001,121,7073300.0,2024-12-09,160,휴면
yaa140c,23,6865647.0,2022-09-16,975,휴면
ue2007,293,6790293.502685547,2023-02-02,836,휴면
py2001,68,6738959.0,2023-07-12,676,휴면
ue3007,111,6561460.0,2024-11-26,173,휴면
abdd202,136,6453613.055236816,2024-05-22,361,휴면
bb3002,91,6354218.0,2025-04-14,34,휴면
ya2105,48,6308677.0,2023-09-16,610,휴면
ya2195,108,6185761.0,2023-11-15,550,휴면
ub019,235,6032324.353271484,2022-10-04,957,휴면
ya2172,179,5957847.106338501,2023-05-08,741,휴면
uj002,52,5929290.348876953,2022-09-13,978,휴면
un3802,58,5867845.0,2025-03-20,59,휴면
ja2149,153,5739157.043701172,2023-02-06,832,휴면
abud001,188,5667921.296875,2024-08-21,270,휴면
hh3803,73,5449498.0,2025-03-05,74,휴면
ya3002,178,5429855.0,2025-05-08,10,활성
ug3802,114,5383442.0,2025-05-02,16,활성
ee3003,15,5205273.0,2023-11-01,564,휴면
abub009,26,5179984.300628662,2023-04-10,769,휴면
abua024,29,5049186.549407959,2024-12-17,152,휴면
dd3801,71,5027141.0,2025-02-21,86,휴면
ub3006,181,5020390.0,2025-05-08,10,활성
yaa132,68,4951589.231689453,2022-04-30,1114,휴면
uq2111,316,4904822.0,2023-09-20,606,휴면
hnaw129,286,4701700.0,2025-05-08,10,활성
lia121,200,4393074.302246094,2022-09-21,970,휴면
un3801,92,4392390.0,2024-07-24,298,휴면
ddw001,335,4374529.44921875,2025-04-07,41,휴면
ya3130,106,4357835.0,2025-03-15,64,휴면
ya3141,76,4344773.0,2024-07-23,299,휴면
uzz02,90,4314221.30078125,2022-10-05,956,휴면
ub2017,64,4259985.49609375,2022-11-18,912,휴면
abtt002,83,4243109.327072144,2023-11-20,545,휴면
pi007,59,4227952.597412109,2022-05-03,1111,휴면
uq3001,788,4205639.2001953125,2025-05-01,17,활성
linlin88,95,4191700.0,2025-02-07,100,휴면
yaaw206,125,4185300.0,2025-02-11,96,휴면
uc3803,29,4089033.0,2025-05-06,12,활성
qju2155,56,4081073.0,2023-11-23,542,휴면
hn2103,88,4036004.002685547,2023-08-30,627,휴면
ui2009,64,3963891.0,2024-01-03,501,휴면
pva029,51,3959746.5,2022-08-17,1005,휴면
uq2010,136,3957327.1114501953,2022-10-08,953,휴면
ua022,97,3920587.153076172,2022-03-05,1170,휴면
jua05,67,3895334.400695801,2022-09-20,971,휴면
qub2008,40,3849831.0,2023-02-20,818,휴면
ph002,65,3808884.938720703,2022-08-08,1014,휴면
uu2003,238,3751445.2962646484,2023-10-22,574,휴면
yaw117,113,3728000.0,2025-04-23,25,활성
obud002,65,3704876.7846679688,2025-05-07,11,활성
ue2001,72,3685371.0,2023-09-17,609,휴면
ukkw002,77,3681700.0,2025-03-13,66,휴면
pi3008,148,3629175.0,2025-02-05,102,휴면
qya2139,52,3626913.0,2023-10-24,572,휴면
uabw001,78,3620093.4970703125,2023-02-10,828,휴면
vip02,91,3618600.0,2025-02-07,100,휴면
abua001,22,3587025.2399902344,2023-01-14,855,휴면
qja2124,52,3585084.0,2023-03-27,783,휴면
ubb002,37,3545790.0,2022-10-04,957,휴면
xpi3806,64,3461027.6485977173,2025-04-23,25,활성
ggw001,41,3406500.0,2025-04-30,18,활성
mm3801,125,3399376.0,2025-05-04,14,활성
qpm2501,12,3362070.0,2023-07-21,667,휴면
ue2015,194,3347903.833984375,2023-10-29,567,휴면
ya2207,94,3341814.2538146973,2024-02-25,448,휴면
ub2023,126,3336759.0,2023-06-04,714,휴면
xul3802,72,3331069.7005615234,2025-05-07,11,활성
uc006,100,3325851.241744995,2022-08-02,1020,휴면
ji2105,127,3213754.0,2023-11-24,541,휴면
qyi2172,142,3198104.0,2023-10-11,585,휴면
uz01,14,3191960.197265625,2022-04-14,1130,휴면
ua2030,62,3185588.560646057,2022-10-12,949,휴면
ub020,49,3101046.8984375,2022-06-02,1081,휴면
pdh005,142,3100989.5555725098,2022-09-20,971,휴면
abjua155,55,3058936.995300293,2023-04-29,750,휴면
uew005,100,2912700.0,2023-04-18,761,휴면
ub023,223,2869865.247314453,2022-09-12,979,휴면
pk4a102,71,2849677.2133789062,2022-08-14,1008,휴면
ud3003,469,2821711.0,2025-01-19,119,휴면
ja2009,37,2797670.0,2023-07-13,675,휴면
obhn103,101,2796062.160751343,2025-05-07,11,활성
hh3202,138,2702342.0,2024-11-16,183,휴면
gg3832,66,2699209.0,2025-03-26,53,휴면
jua155,55,2683700.6854248047,2022-09-21,970,휴면
ucw01,72,2656200.0,2023-01-12,857,휴면
abua01,14,2655540.0,2022-12-17,883,휴면
ph2003,126,2647168.3334960938,2023-01-14,855,휴면
ji2146,201,2628871.312690735,2023-03-06,804,휴면
ya156,9,2608643.5,2022-09-14,977,휴면
dd2502,71,2596873.0,2023-07-12,676,휴면
mm3003,7,2583040.0,2023-10-01,595,휴면
ud3801,96,2566976.0,2025-05-07,11,활성
uh020,29,2559587.298828125,2022-08-28,994,휴면
jua167,144,2551905.0927734375,2022-08-17,1005,휴면
mduew007,180,2536340.2001953125,2025-04-25,23,활성
uzy03,161,2478877.403213501,2022-10-05,956,휴면
ub2005,169,2465786.80078125,2023-10-21,575,휴면
ui009,15,2461412.6015625,2022-05-28,1086,휴면
pn2001,116,2441625.0,2023-03-27,783,휴면
un003,47,2415087.0576171875,2022-09-20,971,휴면
sm001,50,2377400.0,2025-04-26,22,활성
yaa197,8,2358023.30078125,2022-06-26,1057,휴면
gg3806,78,2348240.0,2025-04-16,32,휴면
jua239,8,2315275.8046875,2022-07-09,1044,휴면
uu05,80,2313569.5513916016,2022-08-30,992,휴면
ya2008,153,2268305.9985351562,2023-03-23,787,휴면
ubb006,8,2265050.0,2022-01-11,1223,휴면
ua029,40,2243099.9858398438,2022-04-11,1133,휴면
udd007,39,2233859.8046875,2022-01-30,1204,휴면
hn2143,131,2226501.0,2023-11-23,542,휴면
uzz01,42,2211440.34375,2022-08-29,993,휴면
kk3802,46,2185140.0,2024-07-24,298,휴면
py3004,116,2169685.0,2025-03-15,64,휴면
abli005,154,2169359.6744384766,2024-08-15,276,휴면
ubbw003,52,2152300.0,2022-12-21,879,휴면
ui023,36,2110386.203125,2022-06-18,1065,휴면
uc005,12,2102898.1206054688,2022-06-03,1080,휴면
uq04,39,2084961.0988769531,2022-08-23,999,휴면
yia162,111,2035106.800415039,2022-09-08,983,휴면
uew004,86,2026500.0,2023-04-21,758,휴면
abuh501,26,2025850.0440826416,2024-08-27,264,휴면
mdpiw001,415,1966270.368850708,2025-05-08,10,활성
obud001,102,1936895.2409057617,2025-05-07,11,활성
abjua001,39,1933657.7907714844,2024-02-08,465,휴면
pa2022,75,1923385.0424804688,2023-02-16,822,휴면
spi01,19,1922630.30078125,2025-02-05,102,휴면
ui013,42,1898468.7944335938,2022-02-15,1188,휴면
yia125,43,1874493.9028320312,2022-05-03,1111,휴면
mdjaw001,23,1874338.0,2025-03-05,74,휴면
un05,15,1871213.296875,2022-09-06,985,휴면
yaa160,43,1853332.3982543945,2022-09-06,985,휴면
ja2008,19,1848146.0,2023-09-20,606,휴면
mvp111,20,1827300.0,2023-08-03,654,휴면
xja3802,111,1796471.1997070312,2025-05-05,13,활성
uq3808,15,1790111.0,2024-09-26,234,휴면
ablia003,28,1762286.1801757812,2024-08-01,290,휴면
uz2001,10,1752689.0,2023-08-09,648,휴면
xgg3805,42,1750418.9493652359,2024-11-28,171,휴면
qyi2111,140,1736391.9971923828,2023-12-24,511,휴면
ubb005,19,1732368.486755371,2022-03-21,1154,휴면
ffw011,42,1731035.911743164,2024-03-27,417,휴면
mducw002,66,1726900.0,2025-04-10,38,휴면
uxx01,56,1722489.501953125,2022-07-18,1035,휴면
uyw002,64,1713372.5399169922,2025-01-12,126,휴면
ee3804,10,1710209.0,2025-02-25,82,휴면
qja3126,81,1700073.0,2025-03-22,57,휴면
lia111,168,1692075.682647705,2022-10-05,956,휴면
uk008,188,1666082.84475708,2022-09-05,986,휴면
hh3805,48,1657998.0,2025-01-22,116,휴면
ui3023,52,1651584.0,2025-05-07,11,활성
mdugw005,75,1640070.0,2025-05-08,10,활성
qul3804,33,1607351.0,2025-04-30,18,활성
ph2007,71,1572367.9965820312,2023-11-30,535,휴면
lila101,76,1571934.3515625,2022-07-31,1022,휴면
uk009,53,1562428.399597168,2022-02-05,1198,휴면
uh2015,41,1562403.5,2022-11-08,922,휴면
jua156,75,1540532.7578125,2022-09-12,979,휴면
qkk2500,35,1498743.0,2023-05-20,729,휴면
quf2507,12,1496246.0,2023-03-19,791,휴면
babya195,11,1489033.5,2023-12-30,505,휴면
qhn3143,127,1469876.0,2025-04-04,44,휴면
obja002,26,1461588.4404296875,2025-03-19,60,휴면
mdvip03,20,1458700.0,2024-01-15,489,휴면
ddw999,49,1450000.0,2024-01-03,501,휴면
xja3230,37,1438820.0,2025-02-12,95,휴면
qkk2102,33,1433738.0,2023-06-08,710,휴면
ua017,17,1433151.0986328125,2021-12-17,1248,휴면
obli005,133,1432102.5506515503,2025-05-08,10,활성
abppf004,517,1418722.1300544739,2023-04-30,749,휴면
uh2002,262,1416460.0,2023-05-01,748,휴면
abhn103,53,1411013.6456298828,2024-05-22,361,휴면
ue3015,95,1409588.0,2025-04-24,24,활성
ee2002,122,1384827.2998046875,2023-08-10,647,휴면
bb2003,79,1382097.0,2023-08-09,648,휴면
pi3812,31,1371155.0,2025-04-30,18,활성
pi009,18,1361475.2998046875,2022-04-21,1123,휴면
ya2139,29,1349925.0,2023-09-17,609,휴면
yaaw06,199,1346340.6499996185,2023-08-19,638,휴면
liaw004,605,1340334.5,2025-05-01,17,활성
pc009,8,1322093.351196289,2022-08-05,1017,휴면
minhonstay1,10,1321804.3984375,2022-02-15,1188,휴면
ui02,68,1302300.502319336,2022-09-20,971,휴면
yi3162,36,1279615.0,2025-05-02,16,활성
ukk001,76,1271181.4943847656,2022-03-16,1159,휴면
abja155,119,1268643.7877197266,2024-08-17,274,휴면
abaa101,14,1253455.0,2024-02-28,445,휴면
quh3501,14,1200029.0,2024-02-01,472,휴면
ud3805,70,1197322.0,2025-04-23,25,활성
ja3008,37,1194705.0,2023-09-20,606,휴면
um006,27,1169350.6525878906,2022-01-18,1216,휴면
pv2001,191,1167478.7469482422,2022-12-22,878,휴면
uh3803,55,1157566.0,2025-05-04,14,활성
qya2157,134,1157195.0,2023-07-26,662,휴면
gg2002,68,1148227.0,2023-10-16,580,휴면
ugg02,47,1141558.1015625,2022-10-04,957,휴면
ya3805,49,1141048.0,2025-05-08,10,활성
ua024,25,1120136.7451171875,2022-07-19,1034,휴면
yaa06,37,1110408.1025390625,2022-10-01,960,휴면
ud2001,74,1107374.0,2023-10-10,586,휴면
xya3189,114,1101779.2508796453,2025-01-15,123,휴면
sm002,29,1101500.0,2025-05-08,10,활성
pplw010,62,1097000.0,2022-10-21,940,휴면
spt21,32,1096267.6499023438,2025-04-20,28,활성
ub3104,199,1088766.0,2025-05-07,11,활성
qkk2101,31,1085308.0,2023-03-06,804,휴면
obnn005,40,1076512.650390625,2025-05-08,10,활성
udd008,43,1074479.5008239746,2022-05-05,1109,휴면
ya3804,141,1065310.0,2025-05-07,11,활성
ugw002,14,1057800.0,2023-03-13,797,휴면
ua3801,86,1037440.0,2025-05-07,11,활성
ja2003,34,1037036.0,2023-08-01,656,휴면
ue2012,19,1034529.1962890625,2022-11-05,925,휴면
abpq001,23,1015236.0,2023-10-14,582,휴면
ph2033,68,1008794.4998168945,2022-11-01,929,휴면
ub2012,43,1001522.7473144531,2023-06-28,690,휴면
xul3801,47,996825.7948913574,2024-05-01,382,휴면
abya189,82,990244.1078567505,2024-07-23,299,휴면
uk3003,210,989078.0,2025-03-16,63,휴면
uyyw003,31,978200.0,2023-01-26,843,휴면
aa3807,7,970650.0,2025-05-01,17,활성
yaa204,12,965377.0,2022-03-05,1170,휴면
abmm003,26,963339.439453125,2024-04-20,393,휴면
ug3808,22,959460.0,2025-03-15,64,휴면
pf007,53,959109.0970458984,2022-09-21,970,휴면
qya3121,140,947246.0,2025-04-08,40,휴면
ul3801,175,936670.0,2025-04-24,24,활성
aa2101,38,921924.0,2023-09-24,602,휴면
uy03,20,902453.802734375,2022-08-28,994,휴면
xja3005,17,896768.0,2025-01-14,124,휴면
mdjaw210,27,891478.5,2025-05-07,11,활성
pm3801,53,886530.0,2025-04-17,31,휴면
ya2157,160,876166.0,2023-08-03,654,휴면
xaa3801,34,871893.4018218517,2025-03-12,67,휴면
qpi3802,64,871359.0,2025-05-07,11,활성
liw301,110,866900.0,2024-02-21,452,휴면
xji3002,15,864631.0208067894,2025-04-12,36,휴면
pdf001,123,853171.6009521484,2022-10-05,956,휴면
jua146,65,848299.6015625,2022-09-17,974,휴면
ug3004,79,838947.0,2025-04-27,21,활성
ddw004,20,825300.0,2023-03-29,781,휴면
yaaw207,59,819347.5,2025-02-05,102,휴면
ya3022,8,816050.0,2024-01-11,493,휴면
uiw011,41,804652.0,2023-03-20,790,휴면
ub3025,46,801580.0,2025-04-11,37,휴면
ddw003,10,798600.0,2022-12-20,880,휴면
obli006,82,786386.1369342804,2025-05-08,10,활성
ji3003,14,771864.0,2024-05-22,361,휴면
uh2007,17,766806.0,2023-03-03,807,휴면
ue016,11,766705.005859375,2021-11-20,1275,휴면
uq3022,160,766484.0,2025-04-20,28,활성
yiw001,115,750725.4304199219,2023-06-19,699,휴면
py02,7,746942.0,2022-07-13,1040,휴면
hh3009,113,742683.0,2025-03-12,67,휴면
ji2107,305,739422.2499694824,2023-07-13,675,휴면
jia104,110,736078.8984985352,2022-09-24,967,휴면
pva01,16,735092.09375,2022-07-10,1043,휴면
pw01,8,734013.0,2022-04-25,1119,휴면
ug3813,28,733806.0,2025-04-23,25,활성
ub2002,195,715797.0,2023-07-31,657,휴면
pva008,28,714516.8510742188,2021-12-05,1260,휴면
pfw003,71,710833.9990234375,2025-05-07,11,활성
obli001,21,707412.9537124634,2025-05-07,11,활성
abpv001,246,701208.880695343,2024-08-21,270,휴면
hna135,20,700899.8974609375,2022-05-25,1089,휴면
obpv001,231,691984.8479537964,2025-05-08,10,활성
qya3504,12,689855.0,2024-06-09,343,휴면
mu3801,14,688003.0,2025-05-08,10,활성
ugg001,35,662922.0,2022-04-02,1142,휴면
unw003,62,660894.5,2024-12-05,164,휴면
xhn3104,74,657904.2999420166,2025-03-12,67,휴면
obli303,15,649404.8800048828,2025-02-05,102,휴면
hn2003,353,647211.2501220703,2023-09-29,597,휴면
obya003,47,642598.0992431641,2025-05-08,10,활성
jua177,68,638821.4999389648,2022-10-03,958,휴면
yaa125,34,634684.8012695312,2022-04-19,1125,휴면
yaa180,42,622616.453125,2022-09-18,973,휴면
ubbw005,19,621100.0,2023-01-19,850,휴면
dd2004,40,617463.0,2023-09-13,613,휴면
mdxiaobai8899,11,604400.0,2025-05-08,10,활성
jia124c,7,602511.8500976562,2022-01-02,1232,휴면
pd075,15,594125.8002929688,2022-06-07,1076,휴면
uaa009,18,588746.8983764648,2022-05-10,1104,휴면
uxx02,54,588168.3916015625,2022-07-25,1028,휴면
ya3808,33,587016.0,2025-05-08,10,활성
yia127,13,580464.546875,2021-11-17,1278,휴면
qhn3106,78,577160.0,2025-05-07,11,활성
yhn311,128,573711.9005126953,2025-01-12,126,휴면
hna147,109,573674.4482421875,2022-07-16,1037,휴면
ya2123,93,573331.8009033203,2023-07-27,661,휴면
qpm3801,10,572901.0,2024-03-06,438,휴면
ji3149,65,571259.0,2025-04-23,25,활성
ue02,22,569648.0,2022-09-18,973,휴면
jua125,33,568907.7470703125,2022-03-30,1145,휴면
ya3257,62,564935.0,2025-05-08,10,활성
uq3004,21,549717.0,2025-03-01,78,휴면
pl2013,55,549349.0,2023-12-10,525,휴면
quf2501,39,548208.0,2023-04-27,752,휴면
ph3002,32,540847.0,2024-11-07,192,휴면
uy3002,48,538632.0,2025-04-12,36,휴면
un3803,22,535611.0,2025-04-04,44,휴면
qja2126,12,533732.0,2023-10-21,575,휴면
qji2003,10,526766.0,2023-05-24,725,휴면
ja2005,32,524630.0,2023-07-21,667,휴면
ug2001,9,515101.0,2022-11-01,929,휴면
ui03,18,512209.24784851074,2022-09-06,985,휴면
spt02,49,511089.900390625,2025-04-25,23,활성
lia102,18,509297.6950683594,2022-06-10,1073,휴면
ugg003,31,507756.552734375,2022-04-04,1140,휴면
qya2121,47,507176.0,2023-10-31,565,휴면
ub025,37,503984.2954711914,2022-08-18,1004,휴면
ja2132,37,502004.7998046875,2022-10-31,930,휴면
xja3177,62,499136.9502930045,2025-04-30,18,활성
ja2156,15,498307.0,2023-08-18,639,휴면
qya2503,48,497979.0,2023-05-01,748,휴면
gg3807,17,496129.0,2025-05-08,10,활성
ubb007,8,492279.5498046875,2022-02-17,1186,휴면
uy002,98,489965.6991119385,2022-09-21,970,휴면
ub09,11,486920.19677734375,2022-09-21,970,휴면
ud2018,16,486219.0,2023-08-02,655,휴면
ug3812,21,486040.0,2025-04-30,18,활성
ptw002,22,476036.5900878906,2023-11-29,536,휴면
yaa141,18,473902.1142578125,2022-10-04,957,휴면
ubw002,27,473781.88999938965,2023-11-16,549,휴면
lia106,33,472371.5046386719,2021-12-20,1245,휴면
ub2026,9,471681.0,2023-07-29,659,휴면
mdnnw801,45,470594.59765625,2025-03-28,51,휴면
yiw008,21,468758.9541015625,2023-06-15,703,휴면
obug003,70,468541.842086792,2025-05-08,10,활성
pdh002,29,468457.59747314453,2022-06-10,1073,휴면
ja3169,35,463153.0,2024-06-19,333,휴면
ji2149,44,463032.0,2023-11-08,557,휴면
sji01,7,458387.0,2025-04-14,34,휴면
un3807,33,456392.0,2025-01-12,126,휴면
sdd01,8,452889.5,2025-02-01,106,휴면
wja007,86,448700.0,2024-07-10,312,휴면
ua031,9,447573.5888671875,2022-04-22,1122,휴면
utt02,7,445189.0,2022-09-07,984,휴면
ja2177,37,441222.0,2023-01-15,854,휴면
jia154,22,441205.546875,2022-04-21,1123,휴면
yi3801,21,441114.0,2025-04-30,18,활성
ppl003,24,439837.5,2022-08-19,1003,휴면
gua104,32,436777.7296562195,2022-08-25,997,휴면
ub022,13,435204.25732421875,2022-04-09,1135,휴면
ukk008,43,432459.0,2022-04-27,1117,휴면
li3119,20,432434.0,2024-06-25,327,휴면
abhn143,23,431352.0,2024-08-09,282,휴면
ub08,14,430098.25,2022-09-24,967,휴면
ja2103,11,425662.0,2022-10-25,936,휴면
abli001,29,424423.21990966797,2025-04-02,46,휴면
lia120,46,421816.3514404297,2022-04-16,1128,휴면
lx3801,82,420225.0,2025-05-08,10,활성
pi3108,15,419516.0,2024-07-21,301,휴면
ux01,33,419267.7507324219,2022-06-02,1081,휴면
yi3175,97,417958.0,2025-04-25,23,활성
kk2106,265,409233.0,2024-01-03,501,휴면
qud2004,16,407304.0,2023-10-11,585,휴면
juaw013,26,402100.0,2022-11-09,921,휴면
qpm3502,16,400998.0,2025-01-12,126,휴면
dd2301,11,400273.0,2023-08-17,640,휴면
qli3120,16,400149.0,2024-11-26,173,휴면
pi3801,103,396557.0,2025-04-10,38,휴면
ya2189,41,396423.0,2023-06-18,700,휴면
que2007,19,393965.0,2023-03-31,779,휴면
qji3502,54,388043.0,2025-03-23,56,휴면
qpm2502,31,387427.0,2023-10-06,590,휴면
abgg002,32,384145.60107421875,2024-04-03,410,휴면
pt3804,45,383659.0,2025-04-23,25,활성
pa2005,11,382250.0,2022-12-16,884,휴면
kk2102,172,378420.0,2024-02-13,460,휴면
pl3013,56,378341.0,2025-04-08,40,휴면
ffw001,30,375452.8187866211,2023-03-30,780,휴면
kk2100,9,371781.6484375,2022-11-08,922,휴면
ug3804,35,370507.0,2025-03-13,66,휴면
sdd21,8,355099.0,2025-04-09,39,휴면
jua07,31,353815.1478881836,2022-09-17,974,휴면
mdlilai888,11,350900.0,2024-12-19,150,휴면
abgg001,27,348962.99237060547,2023-10-11,585,휴면
obuh501,31,345149.59843444824,2025-02-18,89,휴면
yiw003,19,343563.7209472656,2023-06-14,704,휴면
abee804,14,339524.72998046875,2024-08-16,275,휴면
qyy2020,7,336777.0,2023-02-08,830,휴면
pi3805,71,334203.0,2025-04-30,18,활성
uew006,35,331900.0,2024-05-14,369,휴면
uhh009,23,329904.4012451172,2022-07-31,1022,휴면
ja3205,41,327387.0,2025-03-12,67,휴면
hh2002,37,327331.849609375,2023-12-10,525,휴면
ug2002,24,323287.0,2023-03-28,782,휴면
ji3803,72,323133.0,2025-05-07,11,활성
hn5106,65,322550.0,2023-09-21,605,휴면
ua007,21,322127.69921875,2022-07-06,1047,휴면
aa3806,10,322037.0,2025-01-27,111,휴면
qja3125,91,321601.0,2025-03-22,57,휴면
jua123,59,321200.44146728516,2022-08-30,992,휴면
abjua215,12,320875.90116882324,2022-11-15,915,휴면
qud2011,61,320725.0,2023-04-17,762,휴면
qja2113,17,320630.0,2023-05-28,721,휴면
yaa168,11,320501.89599609375,2022-02-10,1193,휴면
yaaw002,47,318554.1110839844,2024-07-15,307,휴면
pva032,8,307340.494140625,2021-11-15,1280,휴면
gu2106,184,306048.80068969727,2023-06-27,691,휴면
uu011,13,305037.2470703125,2022-03-20,1155,휴면
hna119,26,300675.96406555176,2022-08-20,1002,휴면
ff3802,34,298916.0,2025-02-13,94,휴면
sm003,11,294900.0,2025-05-08,10,활성
fea108,23,292534.0,2022-01-01,1233,휴면
pi3027,17,290742.4501953125,2024-06-11,341,휴면
uq3002,9,285616.0,2023-11-02,563,휴면
ya3802,38,279394.0,2025-05-07,11,활성
un3808,26,277834.0,2024-10-06,224,휴면
yy3001,70,277779.0,2025-04-25,23,활성
uy001,16,275555.099609375,2022-06-18,1065,휴면
abhn2003,118,272715.0197753906,2024-08-14,277,휴면
li3100,29,271567.0,2025-04-23,25,활성
hn3143,39,271134.0,2025-01-10,128,휴면
uyyw002,31,268031.0,2025-01-19,119,휴면
xuc3501,83,267913.0,2025-04-30,18,활성
ji3107,226,264716.0,2025-04-26,22,활성
pf3001,46,264312.0,2025-05-07,11,활성
un03,8,263427.0,2022-07-16,1037,휴면
pa2018,29,261559.0,2023-08-02,655,휴면
lia103,16,259523.20025634766,2022-09-15,976,휴면
obhn2003,181,258937.3900756836,2025-05-08,10,활성
mdyaw006,23,256800.0,2025-04-30,18,활성
ya3125,65,256792.0,2025-03-07,72,휴면
cc2030,7,256541.0,2023-01-11,858,휴면
uh2008,113,255000.0,2023-06-10,708,휴면
pa018,34,254676.6509399414,2022-08-03,1019,휴면
mdpsw001,15,252705.5,2025-04-12,36,휴면
jua243,12,251440.0,2022-03-01,1174,휴면
ug3002,28,251046.0,2025-03-15,64,휴면
pplw009,12,250600.0,2022-10-05,956,휴면
yi3803,75,242353.0,2025-05-03,15,활성
uu013,33,242296.65161132812,2022-07-14,1039,휴면
lia03,29,239151.5009765625,2022-09-18,973,휴면
yi2175,43,237150.0,2023-08-23,634,휴면
abyia987,21,237070.0,2023-10-26,570,휴면
abli006,11,236061.37426757812,2024-07-13,309,휴면
ubw004,23,233900.0,2024-01-28,476,휴면
dd2003,8,232273.0,2023-09-17,609,휴면
jua126,7,230880.0,2022-06-05,1078,휴면
cea104,69,230085.65002441406,2022-08-20,1002,휴면
jua205,9,227146.5,2022-03-15,1160,휴면
pw003,78,223084.60005187988,2022-05-23,1091,휴면
abyy3803,13,221966.0,2024-07-31,291,휴면
jua238,10,219139.3984375,2021-11-16,1279,휴면
ue01,7,214119.85009765625,2022-07-19,1034,휴면
pplw011,13,213482.5,2025-03-22,57,휴면
jua200,31,213145.7998046875,2022-05-21,1093,휴면
yiw007,15,212082.76904296875,2023-06-01,717,휴면
yaa202,20,210982.849609375,2022-07-03,1050,휴면
ji3105,32,210977.0,2025-05-08,10,활성
mdttw001,10,209111.0,2025-05-08,10,활성
mdssw011,10,208600.0,2025-01-25,113,휴면
yaa189,19,207086.89990234375,2022-09-08,983,휴면
mdeew804,23,206300.0,2025-02-25,82,휴면
uh008,101,203347.25,2022-09-21,970,휴면
uq3809,81,203254.0,2025-02-20,87,휴면
abyia001,29,199274.0,2024-08-22,269,휴면
hn2002,40,199087.94903564453,2022-10-10,951,휴면
uu04,10,195250.849609375,2022-05-02,1112,휴면
ya2004,20,194200.0,2023-12-08,527,휴면
pf009,38,189375.55053710938,2022-08-12,1010,휴면
kk2101,15,188783.0,2022-12-20,880,휴면
cea101,17,187417.2998046875,2021-11-24,1271,휴면
pfw002,27,187300.0,2023-12-01,534,휴면
ja3003,29,186808.0,2025-05-07,11,활성
qub2025,10,186780.0,2023-07-10,678,휴면
abff001,48,184367.0,2024-11-20,179,휴면
abya157,37,183604.52880859375,2023-05-29,720,휴면
qhn2003,74,182257.0,2023-04-23,756,휴면
ph3007,24,180946.0,2025-05-05,13,활성
qja3124,41,180363.0,2025-03-12,67,휴면
mdyyw003,24,180288.5997314453,2024-09-30,230,휴면
um002,28,180277.0,2022-05-20,1094,휴면
uu010,26,180079.3504638672,2022-04-01,1143,휴면
ju3801,59,179709.0,2025-04-23,25,활성
jua195,21,177454.95141601562,2022-06-01,1082,휴면
ppl05,7,176977.599609375,2022-10-04,957,휴면
abhh001,8,176484.0,2024-02-15,458,휴면
mduqw311,10,175652.30078125,2025-01-24,114,휴면
ee3802,30,175287.0,2024-03-21,423,휴면
qya3200,10,173347.0,2025-01-14,124,휴면
mdyaw001,20,173100.0,2025-03-19,60,휴면
bmm3801,45,171517.0,2025-05-04,14,활성
qkk2502,7,169050.0,2023-05-24,725,휴면
qpy2001,7,168473.0,2023-02-28,810,휴면
uq3806,9,167560.0,2025-01-12,126,휴면
ya3195,18,165988.0,2024-03-06,438,휴면
ya2125,50,165281.0,2023-10-18,578,휴면
xji3801,15,164752.39904785156,2024-10-18,212,휴면
obun003,7,163598.7509765625,2025-03-12,67,휴면
sgg01,17,162992.34999847412,2025-04-18,30,활성
ug2005,10,162722.0,2023-10-18,578,휴면
ya3004,25,161502.0,2025-03-23,56,휴면
ya3803,25,160439.0,2025-03-16,63,휴면
uiw012,8,156357.39960956573,2023-02-03,835,휴면
li2001,11,156304.0,2023-11-08,557,휴면
li3103,10,155827.0,2024-08-25,266,휴면
mdunw001,9,154033.0,2025-04-06,42,휴면
xua3024,21,153451.15002441406,2025-04-30,18,활성
hna125,12,153384.99682617188,2022-09-13,978,휴면
uq05,7,152217.798828125,2022-07-18,1035,휴면
ue018,11,151888.0,2022-06-22,1061,휴면
hn2134,153,151375.0,2023-11-26,539,휴면
pplw007,14,147600.0,2023-03-17,793,휴면
uk3009,29,144878.0,2025-05-08,10,활성
pd2071,13,143600.72985839844,2022-11-22,908,휴면
qya2501,48,143161.0,2023-01-30,839,휴면
xja3193,13,141318.13980865479,2024-10-13,217,휴면
ucc002,49,140712.0,2022-04-05,1139,휴면
ppl03,10,140554.1484375,2022-09-24,967,휴면
ee3801,15,140475.0,2024-12-26,143,휴면
qpf2004,126,139430.0,2023-07-31,657,휴면
qkk2501,41,139194.0,2023-08-16,641,휴면
xhn3809,26,136157.0,2025-05-07,11,활성
yia02,35,136028.40029907227,2022-10-04,957,휴면
qji2502,23,135688.0,2023-11-01,564,휴면
ppl112,12,135642.00122070312,2022-09-20,971,휴면
pc01,18,134916.10009765625,2022-09-05,986,휴면
ub006,10,133995.10083007812,2022-09-13,978,휴면
ujj02,8,133163.349609375,2022-08-22,1000,휴면
up003,7,132948.052734375,2022-03-07,1168,휴면
pk4a103,13,130565.80078125,2022-07-16,1037,휴면
yaa201,30,129722.99975585938,2022-01-21,1213,휴면
ub2019,27,129170.0,2022-11-29,901,휴면
juaw001,9,126000.0,2022-10-13,948,휴면
abhn001,13,125466.8994140625,2023-06-25,693,휴면
yaa129,9,124919.5498046875,2021-12-13,1252,휴면
hna123,11,123114.64770507812,2022-09-14,977,휴면
yaa203,29,123003.34997558594,2022-06-22,1061,휴면
ablea101,52,122704.87003707886,2024-08-22,269,휴면
ug01,13,122648.0,2022-08-09,1013,휴면
quh2501,12,122468.0,2022-12-31,869,휴면
xhn3101,34,121841.400390625,2025-04-30,18,활성
syi21,9,121700.00136184692,2025-04-16,32,휴면
pa013,18,121041.50048828125,2022-08-02,1020,휴면
pva026,8,118241.701171875,2021-12-09,1256,휴면
abdd001,8,117831.88015556335,2024-01-03,501,휴면
uq2002,118,116847.0,2024-09-11,249,휴면
uhh01,8,116141.88159179688,2022-07-28,1025,휴면
ja3103,18,114857.0,2025-03-18,61,휴면
xuz3801,42,113555.349609375,2025-04-02,46,휴면
up004,19,112514.3505859375,2022-03-27,1148,휴면
abnn002,7,112397.0,2024-08-15,276,휴면
kk3106,154,112257.0,2025-05-07,11,활성
xuk3003,31,111412.0,2025-04-28,20,활성
abua003,19,110342.19921875,2023-11-09,556,휴면
xji3105,30,109840.75,2024-06-14,338,휴면
uh001,9,108489.64965820312,2022-02-18,1185,휴면
hnw007,67,107422.0,2023-08-28,629,휴면
yiw005,14,107092.37939453125,2023-06-14,704,휴면
pi3811,9,106234.0,2025-05-08,10,활성
hna117,14,105939.5,2022-05-19,1095,휴면
pc2007,60,105040.29992675781,2023-12-17,518,휴면
abya312,8,104696.0,2024-02-07,466,휴면
pa2003,13,103106.0,2023-09-24,602,휴면
un01,10,102651.19921875,2022-03-26,1149,휴면
gg3002,20,102601.0,2025-04-11,37,휴면
ua2028,18,102413.0,2023-02-20,818,휴면
ub2001,8,101518.0,2023-01-30,839,휴면
qhn2134,91,99043.0,2023-06-28,690,휴면
ff2001,38,98045.75,2023-02-03,835,휴면
yaa04,18,97939.400390625,2022-05-26,1088,휴면
ya3191,15,97176.0,2025-05-07,11,활성
qya2502,39,96007.0,2023-02-20,818,휴면
un3804,24,95526.0,2025-03-12,67,휴면
yaa186,18,95472.24870300293,2022-07-23,1030,휴면
xgg3801,18,95207.93853759766,2024-08-02,289,휴면
pf003,34,94968.39929199219,2022-09-22,969,휴면
xja3801,15,93707.599609375,2025-01-09,129,휴면
ja3168,14,92834.0,2025-04-26,22,활성
uaa008,10,92206.98046875,2022-05-01,1113,휴면
zha106,8,92052.04931640625,2022-09-08,983,휴면
jiw105,44,91748.22997379303,2024-06-17,335,휴면
quh3002,64,91696.0,2025-03-08,71,휴면
ya3180,28,90894.0,2025-04-02,46,휴면
mdjaw006,26,89880.390209198,2024-12-19,150,휴면
abdd205,24,89590.5,2024-06-21,331,휴면
uq3802,25,89300.0,2024-12-06,163,휴면
hna134,30,88426.09944152832,2022-09-27,964,휴면
jaw205,21,86800.0,2023-04-28,751,휴면
xua105,18,85899.5,2022-08-15,1007,휴면
ja3140,15,84952.0,2025-01-27,111,휴면
kk2105,104,84685.0,2023-06-09,709,휴면
yi2148,23,83852.39978027344,2023-12-19,516,휴면
xja3851,11,83432.80078125,2025-04-12,36,휴면
ji2001,20,83030.0,2023-06-18,700,휴면
yi2002,34,82986.0,2023-02-07,831,휴면
ug3005,7,81567.0,2025-03-01,78,휴면
ui035,8,76564.59899902344,2022-02-04,1199,휴면
abja001,56,75900.30078125,2024-06-11,341,휴면
ja3146,14,75253.0,2024-03-20,424,휴면
mdhhw002,16,75074.0,2024-07-27,295,휴면
plw003,27,75000.0,2024-02-02,471,휴면
qya3501,30,74855.0,2025-01-13,125,휴면
uhw008,60,74200.0,2023-06-10,708,휴면
lia104,32,72664.5,2022-09-17,974,휴면
gg3803,15,72247.0,2025-02-17,90,휴면
mm3802,12,71746.0,2025-01-23,115,휴면
xuh3801,8,70858.0,2024-06-05,347,휴면
jua206,9,68946.75039672852,2021-12-04,1261,휴면
mdudw003,31,68440.60009765625,2025-04-30,18,활성
ua011,8,65178.2509765625,2022-08-18,1004,휴면
obji3805,8,64674.40002441406,2025-03-11,68,휴면
mdupw003,19,62724.12002182007,2025-04-13,35,휴면
xuq3803,10,62356.14990234375,2024-10-29,201,휴면
ji3808,10,62332.0,2025-04-30,18,활성
mdugw004,7,62200.0,2024-04-15,398,휴면
yaa01,10,60542.199951171875,2022-04-04,1140,휴면
ud3001,14,59315.0,2025-04-30,18,활성
yi3148,11,59273.0,2025-04-09,39,휴면
xja3197,12,58172.0,2025-02-22,85,휴면
yi2165,9,57945.5,2022-12-06,894,휴면
hn3803,11,56540.0,2024-06-07,345,휴면
abuq802,11,56226.099609375,2024-08-16,275,휴면
ud3802,28,56174.0,2025-02-24,83,휴면
uh3022,22,54422.0,2024-03-31,413,휴면
xji3104,10,54098.400390625,2024-11-29,170,휴면
ja3106,18,53324.0,2025-05-06,12,활성
xug3001,13,52584.298828125,2025-01-12,126,휴면
kk3801,25,52532.0,2023-12-06,529,휴면
nn3801,9,50289.0,2025-01-12,126,휴면
